{
	"one":[

{


"country": "NorthEurope",


"Fat": 17107.09000000002,


"Protien": 8475.689000000008,


"carbohydrates": 31858.43999999998

},

{


"country": "CentralEurope",


"Fat": 377737.0363329951,


"Protien": 220215.15770000097,


"carbohydrates": 789937.0098999911

},

{


"country": "SouthEurope",


"Fat": 33241.29930000003,


"Protien": 15618.282000000012,


"carbohydrates": 69091.26999999999

}
]
}